Date,Initials,sample ID,Species,Average,Qubit reading 1 (ug/mL),Qubit reading 2 (ug/mL),uL sample used,Individual Comments,Group comments,,
221205,AB,Apal_27_P1_E2,Apal,4.47,4.47,NA,20,,,,47.54311321
221205,AB,Apal_28_P1_E2,Apal,40.3,40.3,NA,,,,,
221205,AB,Apal_29_P1_E2,Apal,4.89,4.89,NA,,,,,
221205,AB,Apal_30_P1_E2,Apal,8.41,8.41,NA,,,,,
230130,AB,Apal_27_WA_P2_E2,Apal,2.5,2.41,2.59,20,sample pulverized,"All tubes looked good - no condensation on walls, very minimal tiny bubbles. Note that all of Q2 readings were higher. For Q1, I mixed the E2 sample via pipetting and forgot the 2min incubation step before measuring. For Q2, I mixed the E2 via vortexing and remembered to do the 2min incubation step. ",,
230130,AB,Apal_27_WB_P2_E2,Apal,2.175,1.99,2.36,,sample pulverized,,,
230130,AB,Apal_28_IA_P2_E2,Apal,8.01,7.42,8.6,,sample intact,,,
230130,AB,Apal_28_IB_P2_E2,Apal,0.745,0.703,0.787,,sample intact,,,
230130,AB,Apal_29_I_P2_E2,Apal,4.71,4.29,5.13,,sample pulverized,,,
230130,AB,Apal_29_W_P2_E2,Apal,30.95,23.1,38.8,,sample pulverized,,,
230130,AB,Apal_30_I_P2_E2,Apal,0.6865,0.514,0.859,,sample pulverized,,,
230130,AB,Apal_30_W_P2_E2,Apal,15.55,11.7,19.4,,sample pulverized,,,
230202,AB CR,Apal_27_X3_E2,Apal,0.6835,0.568,0.799,10,sample pulverized,"X3 is from RP-1. Q2 was more diligently prepared than Q1 (vortex and spin working solution and DNA before using), so concentrations are consistently a little higher, but not substantially",,
230202,AB CR,Apal_28_X3_E2,Apal,9.835,8.47,11.2,,sample pulverized,,,
230202,AB CR,Apal_29_X3_E2,Apal,2.595,2.28,2.91,,sample pulverized,,,
230202,AB CR,Apal_30_X3_E2,Apal,1.395,1.19,1.6,,sample pulverized,,,
230208,AB CR,Apal_R1_01,Apal,14.15,12.2,16.1,"Q1 had 10uL, Q2 had 5uL",,"Q1 readings were at 10uL of DNA. Had some issues with not actually getting 190uL of working solution into tubes, but re-made the ones that were obviously off (5, 7, 8, S2). Q1 for genotype 08 was too high out of range, so will try again with lower DNA volume. Extraction method this time: all samples left intact, didn't use plate for the most part - pulled coral frags directly out of tubes (thus they were more mucusy)",,
230208,AB CR,Apal_R1_02,Apal,31.45,29,33.9,"Q1 had 10uL, Q2 had 5uL",,,,
230208,AB CR,Apal_R1_04,Apal,225,160,290,"Q1 had 10uL, Q2 had 5uL",,,,
230208,AB CR,Apal_R1_05,Apal,85.85,63.7,108,"Q1 had 10uL, Q2 had 5uL",,,,
230208,AB CR,Apal_R1_06,Apal,57.8,68.8,46.8,"Q1 had 10uL, Q2 had 5uL",,,,
230208,AB CR,Apal_R1_07,Apal,31.75,33.5,30,"Q1 had 10uL, Q2 had 5uL",,,,
230208,AB CR,Apal_R1_08,Apal,370,370,,1,,,,
230208,AB CR,Apal_R1_09,Apal,55.4,53.7,57.1,"Q1 had 10uL, Q2 had 5uL",,,,
230208,AB CR,Apal_R1_10,Apal,129.5,120,139,"Q1 had 10uL, Q2 had 5uL",,,,
230208,AB CR,Apal_R1_11,Apal,41.5,38.7,44.3,"Q1 had 10uL, Q2 had 5uL",,,,
230208,AB CR,Apal_R1_12,Apal,114.35,86.7,142,"Q1 had 10uL, Q2 had 5uL",,,,
230216,CR,Apal_R1_13,Apal,44.9,45.7,44.1,5,,All looked good,,
230216,CR,Apal_R1_14,Apal,47.1,47.5,46.7,5,,,,
230216,CR,Apal_R1_15,Apal,56.95,57.3,56.6,5,,,,
230216,CR,Apal_R1_16,Apal,16.25,16.1,16.4,5,,,,
230216,CR,Apal_R1_17,Apal,12.8,12.9,12.7,5,,,,
230222,AB,Apal_R1_18,Apal,58.9,58.9,,5,,,,
230222,AB,Apal_R1_19,Apal,83.4,83.4,,5,,,,
230222,AB,Apal_R1_20,Apal,115,115,,5,,,,
230222,AB,Apal_R1_21,Apal,84.8,84.8,,5,,,,
230222,AB,Apal_R1_22,Apal,48.2,48.2,,5,,,,
230222,AB,Apal_R1_23,Apal,123,123,,5,,,,
230222,AB,Apal_R1_24,Apal,77.2,77.2,,5,,,,
230222,AB,Apal_R1_25,Apal,62.5,62.5,,5,,,,
230222,AB,Apal_R1_26,Apal,56.3,56.3,,5,,,,
230222,AB,Apal_R1_27,Apal,10.4,10.4,,5,,,,
230222,AB,Apal_R1_28,Apal,4.74,4.81,4.67,5,,,,
230222,AB,Apal_R1_29,Apal,40.8,40.8,40.8,5,,,,
230222,AB,Apal_R1_30,Apal,7.945,8.08,7.81,5,,,,
230222,AB,Apal_R1_31,Apal,9.695,9.8,9.59,5,,,,
230223,CR,Acer_R1_01,Acer,2.83,3.05,2.61,5,,,,
230223,CR,Acer_R1_03,Acer,1.47,1.54,1.4,5,,,,
230223,CR,Acer_R1_04,Acer,1.34,1.3,1.38,5,,,,
230223,CR,Acer_R1_05,Acer,0.76,0.654,0.866,5,,,,
230223,CR,Acer_R1_06,Acer,0.811,0.786,0.836,5,,,,
230223,CR,Acer_R1_07,Acer,1.23,1.28,1.18,5,,,,
230223,CR,Acer_R1_08,Acer,0.85,0.853,0.847,5,,,,
230223,CR,Acer_R1_09,Acer,1.905,1.83,1.98,5,,,,
230228,AB,Acer_R1_10,Acer,1.53,1.53,,5,,,,
230228,AB,Acer_R1_11,Acer,1.46,1.46,,5,,,,
230228,AB,Acer_R1_12,Acer,1.21,1.21,,5,,,,
230228,AB,Acer_R1_13,Acer,1.62,1.62,,5,,,,
230228,AB,Acer_R1_14,Acer,1.54,1.54,,5,,,,
230228,AB,Acer_R1_15,Acer,1.45,1.45,,5,,,,
230228,AB,Acer_R1_16,Acer,5.48,5.48,,5,,,,
230228,AB,Acer_R1_17,Acer,1.97,1.97,,5,,,,
230228,AB,Acer_R1_18,Acer,1.07,1.07,,5,,,,
230228,AB,Acer_R1_19,Acer,0.913,0.913,,5,,,,
230302,CR,Acer_R1_20,Acer,1.4,1.44,1.36,5,,,,
230302,CR,Acer_R1_21,Acer,1.15,1.18,1.12,5,,,,
230302,CR,Acer_R1_22,Acer,17.55,18.5,16.6,5,,,,
230302,CR,Acer_R1_23,Acer,0.4195,0.439,0.4,5,,,,
230302,CR,Acer_R1_24,Acer,1.575,1.64,1.51,5,,,,
230302,CR,Acer_R1_25,Acer,1.0165,1.1,0.933,5,,,,
230302,CR,Acer_R1_26,Acer,0.863,0.905,0.821,5,,,,
230322,AB,Acer_R1_01_Speedvac,Acer,4.24,out of range,4.24,1,,,,
230322,AB,Acer_R1_03_Speedvac,Acer,4.85,4.81,4.89,1,,,,
230322,AB,Acer_R1_04_Speedvac,Acer,3.105,3.21,3,1,,,,
230322,AB,Acer_R1_05_Speedvac,Acer,NA,out of range,out of range,1,,,,
230322,AB,Acer_R1_01_E1,Acer,11,11.1,10.9,1,,,,
230322,AB,Acer_R1_03_E1,Acer,4.595,4.69,4.5,1,,,,
230322,AB,Acer_R1_04_E1,Acer,5.465,5.55,5.38,1,,,,
230327,AB,Acer_R1_05_E1,Acer,3.76,3.8,3.72,1,,,,
230327,AB,Acer_R1_E1+2_01,Acer,7.82,7.82,,1,,,,
230327,AB,Acer_R1_E1+2_03,Acer,3.45,3.45,,1,,,,
230327,AB,Acer_R1_E1+2_04,Acer,2.41,2.41,,1,,,,
230327,AB,Acer_R1_E1+2_05,Acer,2.49,2.49,,1,,,,
230327,AB,Acer_R1_E1+2_06,Acer,NA,out of range,,1,,,,
230327,AB,Acer_R1_E1+2_07,Acer,3.05,3.05,,1,,,,
230327,AB,Acer_R1_E1+2_08,Acer,3.08,3.08,,1,,,,
230327,AB,Acer_R1_E1+2_09,Acer,4.48,4.48,,1,,,,
230327,AB,Acer_R1_E1+2_10,Acer,2.66,2.66,,1,,,,
230327,AB,Acer_R1_E1+2_11,Acer,2.62,2.62,,1,,,,
230327,AB,Acer_R1_E1+2_12,Acer,NA,out of range,,1,,,,
230327,AB,Acer_R1_E1+2_13,Acer,2.25,2.25,,1,,,,
230327,AB,Acer_R1_E1+2_14,Acer,2.22,2.22,,1,,,,
230327,AB,Acer_R1_E1+2_15,Acer,NA,out of range,,1,,,,
230327,AB,Acer_R1_E1+2_16,Acer,9.46,9.46,,1,,,,
230327,AB,Acer_R1_E1+2_17,Acer,2.29,2.29,,1,,,,
230327,AB,Acer_R1_E1+2_18,Acer,NA,out of range,,1,,,,
230327,AB,Acer_R1_E1+2_19,Acer,NA,out of range,,1,,,,
230327,AB,Acer_R1_E1+2_20,Acer,2.27,2.27,,1,,,,
230327,AB,Acer_R1_E1+2_21,Acer,3.63,3.63,,1,,,,
230327,AB,Acer_R1_E1+2_22,Acer,51.5,51.5,,1,,,,
230327,AB,Acer_R1_E1+2_23,Acer,NA,out of range,,1,,,,
230327,AB,Acer_R1_E1+2_24,Acer,2.49,2.49,,1,,,,
230327,AB,Acer_R1_E1+2_25,Acer,NA,out of range,,1,,,,
230327,AB,Acer_R1_E1+2_26,Acer,NA,out of range,,1,,,,
230327,AB,Apal_R1_E1+2_1,Apal,16.65,17,16.3,1,,,,
230327,AB,Apal_R1_E1+2_17,Apal,39.7,39.7,,1,,,,
230327,AB,Apal_R1_E1+2_27,Apal,22.95,23,22.9,1,,,,
230327,AB,Apal_R1_E1+2_28,Apal,39.1,39.1,,1,,,,
230327,AB,Apal_R1_E1+2_30,Apal,44.3,44.3,,1,,,,
230327,AB,Apal_R1_E1+2_31,Apal,39.1,39.1,,1,,,,
230327,AB,Apal_R1_E1+2_16,Apal,62.45,63.2,61.7,1,,,,
240522,AB,Acer_R1_01_ST,Acer,2.625,2.75,2.5,5,,"Qiagen extraction troubleshooting trials. E1 + E2. ST = small piece of tissue (<0.5cm), cut up. SH = small piece of tissue (<0.5cm), crushed. LH = large piece of tissue (>1cm) crushed",,
240522,AB,Acer_R1_21_ST,Acer,1.315,1.3,1.33,5,,,,
240522,AB,Acer_R1_22_ST,Acer,2.545,2.58,2.51,5,,,,
240522,AB,Acer_R1_23_ST,Acer,0.9895,1.01,0.969,5,,,,
240522,AB,Acer_R1_01_SH,Acer,1.165,1.19,1.14,5,,,,
240522,AB,Acer_R1_21_SH,Acer,0.409,0.409,out of range,5,,,,
240522,AB,Acer_R1_22_SH,Acer,2.155,2.18,2.13,5,Think I forgot to do one of the elutions because volume was 50%...but didn't seem to matter,,,
240522,AB,Acer_R1_23_SH,Acer,1.645,1.67,1.62,5,,,,
240522,AB,Acer_R1_01_LH,Acer,4.15,4.19,4.11,5,,,,
240522,AB,Acer_R1_21_LH,Acer,0.96,0.973,0.947,5,,,,
240522,AB,Acer_R1_22_LH,Acer,1.1,1.14,1.06,5,,,,
240522,AB,Acer_R1_23_LH,Acer,3.75,3.79,3.71,5,,,,
240522,AB,Acer_R1_03_Zymo,Acer,#DIV/0!,out of range,out of range,5,,Serena's Zymo extraction protocol. The fact that even this didn't work makes me think maybe the DMSO was bad?,,
240522,AB,Acer_R1_05_Zymo,Acer,#DIV/0!,out of range,out of range,5,,,,
240522,AB,Acer_R1_22_Zymo,Acer,#DIV/0!,out of range,out of range,5,,,,
240527,AB,Acer_R2_01,Acer,15.6,15.7,15.5,1,,Pre-speedvac,,
240527,AB,Acer_R2_03,Acer,1.455,1.39,1.52,1,,,,
240527,AB,Acer_R2_04,Acer,2.395,2.39,2.4,1,,,,
240527,AB,Acer_R2_05,Acer,2.265,2.2,2.33,1,,,,
240527,AB,Acer_R2_09,Acer,1.41,1.49,1.33,1,,,,
240527,AB,Acer_R2_20,Acer,2.465,2.35,2.58,1,,,,
240527,AB,Acer_R2_26,Acer,1.83,1.88,1.78,1,,,,
240527,AB,Acer_R2_01,Acer,22.1,21.4,22.8,1,,Post-speedvac. Inteded to concentrate down and then reconsistiture to ~30ng/uL…that didn't happen ,,
240527,AB,Acer_R2_03,Acer,9.86,8.52,11.2,1,,,,
240527,AB,Acer_R2_04,Acer,19.2,18.8,19.6,1,,,,
240527,AB,Acer_R2_05,Acer,8.865,9.02,8.71,1,,,,
240527,AB,Acer_R2_09,Acer,5.59,5.07,6.11,1,,,,
240527,AB,Acer_R2_20,Acer,6.15,5.74,6.56,1,,,,
240527,AB,Acer_R2_26,Acer,3.115,3.01,3.22,1,,,,
