Initials,Date,Sample_ID,Species,Geno,Tree,Preservative,replicate,Average from 2 Qubit readings,Qubit_1_(ng/ml),Concentration_1,Qubit_2_(ng/ml),Concentration_2,Sample Comments,Batch Notes,,,,
MCE,241105,AC_G03_GB_DS2,AC,G03,GB,DS,2,15.25,0.0767,15.3,0.0758,15.2,,,,,,
MCE,241105,AC_G04_GB_DS2,AC,G04,GB,DS,2,8.94,0.0449,8.99,0.0445,8.89,,,,,,
MCE,241105,AC_G05_GB_DS1,AC,G05,GB,DS,1,12,0.0604,12.1,0.0597,11.9,,,Species,Preservative,ug/mL,
MCE,241105,AC_G09_GB_DS3,AC,G09,GB,DS,3,5.9,0.0297,5.93,0.0294,5.87,,,AP,DM,0.103866667,"Note these do not seem to be accurate, but they do highlight that we never actually checked the Apal in DNA shield"
MCE,241105,AC_G03_BN_DS2,AC,G03,BN,DS,2,22.75,0.114,22.9,0.113,22.6,,,AP,DS,#DIV/0!,
MCE,241105,AC_G04_BN_DS2,AC,G04,BN,DS,2,3.85,0.0195,3.89,0.0191,3.81,,,AC,DM,0.119316667,
MCE,241105,AC_G05_BN_DS3,AC,G05,BN,DS,3,9.455,0.0478,9.55,0.0468,9.36,,,AC,DS,0.087177273,
MCE,241105,AC_G09_BN_DS2,AC,G09,BN,DS,2,15.95,0.0805,16.1,0.0788,15.8,,,,,,
MCE,241105,AC_G09_GB_DS1,AC,G09,GB,DS,1,10.6,0.0533,10.7,0.0523,10.5,,,AP,,22.39373529,
MCE,241105,AC_G09_GB_DS4,AC,G09,GB,DS,4,7.435,0.0375,7.49,0.0369,7.38,,,,,,
MCE,241031,AC_G03_GB_DS1,AC,G03,GB,DS,1,15.55,0.0783,15.7,0.0768,15.4,,,,,,
MCE,241031,AC_G04_GB_DS1,AC,G04,GB,DS,1,11.4,0.0566,11.3,0.0573,11.5,,,,,,
MCE,241031,AC_G05_GB_DS2,AC,G05,GB,DS,2,11.85,0.0576,11.5,0.0611,12.2,,,,,,
MCE,241031,AC_G09_GB_DS1,AC,G09,GB,DS,1,0.01,"Out of range, too low",0.01,"Out of range, too low",0.01,,,,,,
MCE,241031,AC_G03_BN_DS4,AC,G03,BN,DS,4,15.65,0.0786,15.7,0.0778,15.6,,,,,,
MCE,241031,AC_G04_BN_DS3,AC,G04,BN,DS,3,14.6,0.0738,14.8,0.0721,14.4,,,,,,
MCE,241031,AC_G05_BN_DS2,AC,G05,BN,DS,2,7.45,0.0376,7.53,0.0369,7.37,,,,,,
MCE,241031,AC_G09_BN_DS3,AC,G09,BN,DS,3,17.35,0.0872,17.4,0.0865,17.3,,,,,,
MCE,241015,AC_G27_DS3,AC,G27,,DS,3,14.6,0.0739,14.8,0.0722,14.4,,,,,,
MCE,241015,AP_G32_DM1,AP,G32,,DM,1,14.4,0.0724,14.5,0.0716,14.3,,,,,,
MCE,241015,AP_G33_DM1,AP,G33,,DM,1,19.35,0.0975,19.5,0.096,19.2,,,,,,
MCE,241015,AP_G34_DM1,AP,G34,,DM,1,8.1,0.0408,8.16,0.0402,8.04,,,,,,
MCE,241015,AP_G35_DM1,AP,G35,,DM,1,14.55,0.0735,14.7,0.0718,14.4,,,,,,
MCE,241015,AP_G36_DM2,AP,G36,,DM,2,46.5,0.234,46.8,0.231,46.2,,,,,,
MCE,241001,AP_G07_GB_DM1,AP,G07,GB,DM,1,31.75,0.161,32.3,0.156,31.2,,,,,,
MCE,241001,AP_G07_BN_DM2,AP,G07,BN,DM,2,18.2,0.0921,18.4,0.0898,18,,,,,,
MCE,241001,AP_G09_GB_DM1,AP,G09,GB,DM,1,9.86,0.0495,9.91,0.0491,9.81,,,,,,
MCE,241001,AP_G09_BN_DM2,AP,G09,BN,DM,2,22.4,0.114,22.8,0.11,22,,,,,,
MCE,240924,AC_G03_BN_DM1,AC,G03,BN,DM,1,3.575,0.0181,3.61,0.0177,3.54,,,,,,
MCE,240924,AC_G04_BN_DM1,AC,G04,BN,DM,1,,"Out of range, too low",,"Out of range, too low","Out of range, too low",,,,,,
MCE,240924,AC_G05_BN_DM1,AC,G05,BN,DM,1,,"Out of range, too low",,"Out of range, too low","Out of range, too low",,,,,,
MCE,240924,AC_G09_BN_DM1,AC,G09,BN,DM,1,18.75,0.0948,19,0.0923,18.5,,,,,,
MCE,240917,AC_G03_BN_DS3,AC,G03,BN,DS,3,56.75,0.287,57.5,0.28,56,,,,,,
MCE,240917,AC_G04_BN_DS1,AC,G04,BN,DS,1,43.7,0.22,44,0.217,43.4,,,,,,
MCE,240917,AC_G05_BN_DS1,AC,G05,BN,DS,1,26.45,0.133,26.5,0.132,26.4,,,,,,
MCE,240917,AC_G09_BN_DS1,AC,G09,BN,DS,1,33.8,0.17,34,0.168,33.6,,,,,,
MCE,240909,AC_G07_BN_DM1,AC,G07,BN,DM,1,17.10835,0.171,34.2,33.4,0.0167,,"Collection tubes were labeled AP, but looked like AC (We later confirmed these actually were AP though, the label was right)",,,,
MCE,240909,AC_G09_BN_DM1,AC,G09,BN,DM,1,29.15,0.147,29.4,0.145,28.9,,,,,,
MCE,240909,AC_G07_GB_DM2,AC,G07,GB,DM,2,19.75,0.125,25,0.123,14.5,,,,,,
MCE,240909,AC_G09_GB_DM2,AC,G09,GB,DM,2,31.9,0.16,32,0.159,31.8,,,,,,
AB,240527,AC_G1_R2,AC,G1,R2,,,15.6,0.392,15.7,,15.5,,Acer R2 Pre-speed vac,,,,
AB,240527,AC_G3_R2,AC,G3,R2,,,1.455,0.0348,1.39,,1.52,,,,,,
AB,240527,A_G4_R2,A,G4,R2,,,2.395,0.0601,2.4,,2.39,,,,,,
AB,240527,A_G5_R2,A,G5,R2,,,2.265,0.0549,2.2,,2.33,,,,,,
AB,240527,G09,G09,,,,,1.41,0.0373,1.49,,1.33,,,,,,
AB,240527,G20,G20,,,,,2.465,0.0588,2.35,,2.58,,,,,,
AB,240527,G26,G26,,,,,1.83,0.047,1.88,,1.78,,,,,,
AB,240527,AC_G1_R2,AC,G1,R2,,,22.1,0.107,21.4,,22.8,,Post speed-vac,,,,
AB,240527,AC_G3_R2,AC,G3,R2,,,9.86,0.0426,8.52,,11.2,,,,,,
AB,240527,G4,G4,,,,,19.2,0.0982,19.6,,18.8,,,,,,
AB,240527,G5,G5,,,,,8.865,0.0451,9.02,,8.71,,,,,,
AB,240527,G9,G9,,,,,5.59,0.0254,5.07,,6.11,,,,,,
AB,240527,G20,G20,,,,,6.15,0.0287,5.74,,6.56,,,,,,
AB,240527,G26,G26,,,,,3.115,0.0151,3.01,,3.22,,,,,,
AB,240522,01ST,01ST,,,,,2.625,0.0687,2.75,0.0626,2.5,,"Used 5ul DNA extract, extract contained both E1 and E2, Quiagen extraction Acer trials",,,,
AB,240522,21ST,21ST,,,,,1.315,0.0324,1.3,0.0333,1.33,,,,,,
AB,240522,22ST,22ST,,,,,2.545,0.0644,2.58,0.0627,2.51,,,,,,
AB,240522,23ST,23ST,,,,,0.9895,0.0251,1.01,0.0242,0.969,,,,,,
AB,240522,01SH,01SH,,,,,1.165,0.0298,1.19,0.0286,1.14,,,,,,
AB,240522,21SH,21SH,,,,,0.409,0.0102,0.409,"Out of range, too low","Out of range, too low",,,,,,
AB,240522,22SH,22SH,,,,,2.155,0.0546,2.18,0.0533,2.13,"Might have accidentally skipped 2nd elution, See 2H",,,,,
AB,240522,23SH,23SH,,,,,1.645,0.0416,1.67,0.0404,1.62,"Might have accidentally skipped 2nd elution, See 2H",,,,,
AB,240522,01LH,01LH,,,,,4.15,0.105,4.19,0.103,4.11,"Might have accidentally skipped 2nd elution, See 2H",,,,,
AB,240522,21LH,21LH,,,,,0.96,0.0243,0.973,0.0237,0.947,"Might have accidentally skipped 2nd elution, See 2H",,,,,
AB,240522,22LH,22LH,,,,,1.1,0.0286,1.14,0.0266,1.06,"Might have accidentally skipped 2nd elution, See 2H",,,,,
AB,240522,23LH,23LH,,,,,3.75,0.0948,3.79,0.0926,3.71,"Might have accidentally skipped 2nd elution, See 2H",,,,,
AB,240522,3Zymo,3Zymo,,,,,,"Out of range, too low","Out of range, too low","Out of range, too low","Out of range, too low",,Zymo Acer trial,,,,
AB,240522,5Zymo,5Zymo,,,,,,"Out of range, too low","Out of range, too low","Out of range, too low","Out of range, too low",,,,,,
AB,240522,22Zymo,22Zymo,,,,,,"Out of range, too low","Out of range, too low","Out of range, too low","Out of range, too low",,,,,,
AB,230515,AC_G1_R1_E1+E2_RECONSTITUTED,AC,G1,R1,E1,G03,18.1,0.0923,18.5,,17.7,,"Post speedvac concentrations, Concentrations after dried down in speed vac and then reconstituted for goal 15ug/ul",,,,
AB,230515,G3,G3,,,,,13.55,0.0682,13.6,,13.5,,,,,,
AB,230515,G4,G4,,,,,11.95,0.0646,12.9,,11,,,,,,
AB,230515,G5,G5,,,,,13.2,0.0669,13.4,,13,,,,,,
AB,230515,G6,G6,,,,,35.3,0.176,35.2,,35.4,,,,,,
AB,230515,G7,G7,,,,,15.6,0.0779,15.6,,15.6,,,,,,
AB,230515,G8,G8,,,,,21.45,0.107,21.4,,21.5,,,,,,
AB,230515,G9,G9,,,,,14.1,0.0746,14.9,,13.3,,,,,,
AB,230515,G10,G10,,,,,13.2,0.067,13.4,,13,,,,,,
AB,230515,G11,G11,,,,,26.05,0.13,26.1,,26,,,,,,
AB,230515,G12,G12,,,,,19.75,0.0982,19.6,,19.9,,,,,,
AB,230515,G13,G13,,,,,30.1,0.148,29.7,,30.5,,,,,,
AB,230515,G14,G14,,,,,42.4,0.213,42.5,,42.3,,,,,,
AB,230515,G15,G15,,,,,16.2,0.0819,16.4,,16,,,,,,
AB,230515,G16,G16,,,,,20.95,0.104,20.9,,21,,,,,,
AB,230515,G17,G17,,,,,13.8,0.0715,14.3,,13.3,,,,,,
AB,230515,G18,G18,,,,,16.95,0.0846,16.9,,17,,,,,,
AB,230515,G19,G19,,,,,11.55,0.0563,11.3,,11.8,,,,,,
AB,230515,G20,G20,,,,,29.05,0.146,29.2,,28.9,,,,,,
AB,230515,G21,G21,,,,,14.55,0.0734,14.7,,14.4,,,,,,
AB,230515,G22,G22,,,,,69.35,0.348,69.6,,69.1,,,,,,
AB,230515,G23,G23,,,,,12.7,0.0654,13.1,,12.3,,,,,,
AB,230515,G24,G24,,,,,19,0.0949,19,,19,,,,,,
AB,230515,G25,G25,,,,,46.95,0.239,47.9,,46,,,,,,
AB,230515,G26,G26,,,,,12.95,0.0657,13.1,,12.8,,,,,,
AB,230511,AP_G1_R1_E2_10ug Trial,AP,G1,R1,E2,,12.8,,12.8,,,,AP Dilution trial,,,,
AB,230511,G2,G2,,,,,4.81,,4.81,,,,,,,,
AB,230511,G7,G7,,,,,4.83,,4.83,,,,,,,,
AB,230328,AP_G1_R1_E1+E2_SV,AP,G1,R1,E1,G03,45,1.12,45,,,,AP Speedvac trial before + after,,,,
AB,230327,AC_G1_R1_E1+E2,AC,G1,R1,E1,G03,7.82,0.0391,7.82,,,,E1+E2 Combined,,,,
AB,230327,G3_E1+E2,G3,E1+E2,,,,3.45,0.0173,3.45,,,,,,,,
AB,230327,G4_E1+E2,G4,E1+E2,,,,2.41,0.012,2.41,,,,,,,,
AB,230327,5,5,,,,,2.49,0.0125,2.49,,,,,,,,
AB,230327,6,6,,,,,,"Out of range, too low","Out of range, too low",,,,,,,,
AB,230327,7,7,,,,,3.05,0.0152,3.05,,,,,,,,
AB,230327,8,8,,,,,3.08,0.0154,3.08,,,,,,,,
AB,230327,9,9,,,,,4.48,0.0224,4.48,,,,,,,,
AB,230327,10,10,,,,,2.66,0.0133,2.66,,,,,,,,
AB,230327,11,11,,,,,2.62,0.0131,2.62,,,,,,,,
AB,230327,12,12,,,,,,"Out of range, too low","Out of range, too low",,,,,,,,
AB,230327,13,13,,,,,2.25,0.0112,2.25,,,,,,,,
AB,230327,14,14,,,,,2.22,0.0111,2.22,,,,,,,,
AB,230327,15,15,,,,,,"Out of range, too low","Out of range, too low",,,,E1+E2 Combined,,,,
AB,230327,16,16,,,,,9.46,0.0473,9.46,,,,,,,,
AB,230327,17,17,,,,,2.29,0.0114,2.29,,,,,,,,
AB,230327,18,18,,,,,,"Out of range, too low","Out of range, too low",,,,,,,,
AB,230327,19,19,,,,,,"Out of range, too low","Out of range, too low",,,,,,,,
AB,230327,20,20,,,,,2.27,0.0113,2.27,,,,,,,,
AB,230327,21,21,,,,,3.63,0.0181,3.63,,,,,,,,
AB,230327,22,22,,,,,51.5,0.257,51.5,,,,,,,,
AB,230327,23,23,,,,,,"Out of range, too low","Out of range, too low",,,,,,,,
AB,230327,24,24,,,,,2.49,0.0124,2.49,,,,,,,,
AB,230327,25,25,,,,,,"Out of range, too low","Out of range, too low",,,,,,,,
AB,230327,26,26,,,,,,"Out of range, too low","Out of range, too low",,,,,,,,
AB,230327,AP_G1_R1_E1+E2,AP,G1,R1,E1,G03,16.65,0.0852,17,0.0816,16.3,,AP Speedvac trial before + after,,,,
AB,230327,G17,G17,,,,,39.7,0.199,39.7,,,,,,,,
AB,230327,G27,G27,,,,,22.95,0.115,23,0.114,22.9,,,,,,
AB,230327,G28,G28,,,,,39.1,0.195,39.1,,,,,,,,
AB,230327,G30,G30,,,,,44.3,0.222,44.3,,,,,,,,
AB,230327,G31,G31,,,,,39.1,0.195,39.1,,,,,,,,
AB,230327,G16,G16,,,,,62.45,0.316,63.2,0.308,61.7,,,,,,
AB,230322,AC_G1_R1,AC,G1,R1,,,4.24,"Out of range, too low","Out of range, too low",0.0212,4.24,Concentrated in speedvac 40 ul -> near dry -> add 6 ul low TE,comparing E1 vs E2 yields,,,,
AB,230322,G3_E2,G3,E2,,,,4.85,0.024,4.81,0.0244,4.89,Add 2 ul low TE,,,,,
AB,230322,G4_E2,G4,E2,,,,3.105,0.0161,3.21,0.015,3,2 Ul low TE,,,,,
AB,230322,G5_E2,G5,E2,,,,,"Out of range, too low","Out of range, too low","Out of range, too low","Out of range, too low",1 ul low TE,,,,,
AB,230322,AC_G1_E1_R1,AC,G1,E1,R1,,11,0.0554,11.1,0.0546,10.9,,,,,,
AB,230322,G3_E1,G3,E1,,,,4.595,0.0235,4.69,0.0225,4.5,,,,,,
AB,230322,G4_E1,G4,E1,,,,5.465,0.0278,5.55,0.0269,5.38,,,,,,
AB,230322,G5_E1,G5,E1,,,,3.76,0.019,3.8,0.0186,3.72,,,,,,
CR,230302,AC_G20_R1,AC,G20,R1,,,1.4,0.036,1.44,0.0339,1.36,,Regular / initial extractions - E1 or E2?,,,,
CR,230302,G21,G21,,,,,1.15,0.0296,1.18,0.028,1.12,,,,,,
CR,230302,G22,G22,,,,,17.55,0.462,18.5,0.412,16.6,,,,,,
CR,230302,G23,G23,,,,,0.4195,0.011,0.439,0.01,0.4,,,,,,
CR,230302,G24,G24,,,,,1.575,0.0411,1.64,0.0376,1.51,,,,,,
CR,230302,G25,G25,,,,,1.0165,0.0274,1.1,0.0233,0.933,,,,,,
CR,230302,G26,G26,,,,,0.863,0.0226,0.905,0.0205,0.821,,,,,,
CR,230228,AC_G10_R1,AC,G10,R1,,,1.53,0.0381,1.53,,,,Regular / initial extractions - E1 or E2?,,,,
CR,230228,G11,G11,,,,,1.46,0.0366,1.46,,,,,,,,
CR,230228,G12,G12,,,,,1.21,0.0302,1.21,,,,,,,,
CR,230228,G13,G13,,,,,1.62,0.0405,1.62,,,,,,,,
CR,230228,G14,G14,,,,,1.54,0.0386,1.54,,,,,,,,
CR,230228,G15,G15,,,,,1.45,0.0363,1.45,,,,,,,,
CR,230228,G16,G16,,,,,5.48,0.137,5.48,,,,,,,,
CR,230228,G17,G17,,,,,1.97,0.0492,1.97,,,,,,,,
CR,230228,G18,G18,,,,,1.07,0.0267,1.07,,,,,,,,
CR,230228,G19,G19,,,,,0.913,0.0228,0.913,,,,,,,,
CR,230223,AC_G1_R1,AC,G1,R1,,,2.83,0.0762,3.05,0.0653,2.61,,"concentrations are lower than Apal, Regular/ initial extractions  - E1 or E2?",,,,
CR,230223,G3,G3,,,,,1.485,0.0385,1.57,0.035,1.4,,,,,,
CR,230223,G4,G4,,,,,1.34,0.0326,1.3,0.0344,1.38,,,,,,
CR,230223,G5,G5,,,,,0.76,0.0164,0.654,0.0217,0.866,,,,,,
CR,230223,G6,G6,,,,,0.816,0.0197,0.796,0.0209,0.836,,,,,,
CR,230223,G7,G7,,,,,1.23,0.032,1.28,0.0295,1.18,,,,,,
CR,230223,G8,G8,,,,,0.85,0.0218,0.853,0.0212,0.847,,,,,,
CR,230223,G9,G9,,,,,1.905,0.0458,1.83,0.0495,1.98,,,,,,
AB,230221,AP_G18_R1,AP,G18,R1,,,58.9,1.47,58.9,,,,,,,,
AB,230221,19,19,,,,,83.4,2.08,83.4,,,,,,,,
AB,230221,20,20,,,,,115,2.88,115,,,,,,,,
AB,230221,21,21,,,,,84.8,2.12,84.8,,,,,,,,
AB,230221,22,22,,,,,48.2,1.2,48.2,,,,,,,,
AB,230221,23,23,,,,,123,3.08,123,,,,,,,,
AB,230221,24,24,,,,,77.2,1.93,77.2,,,,,,,,
AB,230221,25,25,,,,,62.5,1.56,62.5,,,,,,,,
AB,230221,26,26,,,,,56.3,1.41,56.3,,,,,,,,
AB,230221,27,27,,,,,10.4,0.26,10.4,,,,,,,,
AB,230221,28,28,,,,,4.74,0.12,4.81,,4.67,,,,,,
AB,230221,29,29,,,,,40.8,1.02,40.8,,40.8,,,,,,
AB,230221,30,30,,,,,7.945,0.202,8.08,,7.81,,,,,,
AB,230221,31,31,,,,,9.695,0.245,9.8,,9.59,,,,,,
CR,230216,AP_G13_R1,AP,G13,R1,,,44.9,1.14,45.7,1.1,44.1,,Looked good ,,,,
CR,230216,G14,G14,,,,,47.1,1.19,47.5,1.17,46.7,,,,,,
CR,230216,G15,G15,,,,,56.95,1.43,57.3,1.42,56.6,,,,,,
CR,230216,G16,G16,,,,,16.25,0.401,16.1,0.41,16.4,,,,,,
CR,230216,G17,G17,,,,,12.8,0.322,12.9,0.317,12.7,,,,,,
AB & CR,230208,Ap_G1_R1,Ap,G1,R1,,,14.15,0.608,12.2,0.403,16.1,,"Q1 with 10ul of DNA, Q2 with 5ul DNA",,,,
AB & CR,230208,2,2,,,,,31.45,1.45,29,0.846,33.9,,,,,,
AB & CR,230208,4,4,,,,,225.05,7.8,160.1,7.2,290,,,,,,
AB & CR,230208,5,5,,,,,85.85,3.19,63.7,2.7,108,,,,,,
AB & CR,230208,6,6,,,,,57.8,3.44,68.8,1.17,46.8,,,,,,
AB & CR,230208,7,7,,,,,31.8,1.68,33.5,0.752,30.1,,,,,,
AB & CR,230208,8,8,,,,,370,"Out of range, too low","Out of range, too low",9.2,370,"Was initially too low, then run again with 1 ul sample",,,,,
AB & CR,230208,9,9,,,,,55.4,2.69,53.7,1.43,57.1,"Was initially too low, then run again with 1 ul sample",,,,,
AB & CR,230208,10,10,,,,,129.5,5.8,120,3.47,139,,,,,,
AB & CR,230208,11,11,,,,,41.5,1.93,38.7,1.11,44.3,,,,,,
AB & CR,230208,12,12,,,,,114.35,4.34,86.7,3.55,142,,,,,,
AB & CR,230202,AP_27_x3 E2 (RP_1),AP,27,x3 E2 (RP,1),,0.6835,0.0284,0.568,0.04,0.799,"Q2 was more diligently prepared than Q1 (vortex and spin (??) and DNA), so concentrations inreased a little, but not substantially ",10 ul of sample ,,,,
AB & CR,230202,28,28,,,,,9.835,0.423,8.47,0.559,11.2,,,,,,
AB & CR,230202,29,29,,,,,2.595,0.114,2.28,0.146,2.91,,,,,,
AB & CR,230202,30,30,,,,,1.395,0.0595,1.19,0.0799,1.6,,,,,,
AB,230130,AP_27_WA_E2,AP,27,WA,E2,,2.5,0.241,2.41,,2.59,Q1 had some tiny bubbles and drops @ top of tube,"20 ul of sample, q1 looked great",,,,
AB,230130,27_WB,27,WB,,,,2.175,0.199,1.99,,2.36,,,,,,
AB,230130,28_IA,28,IA,,,,8.01,0.742,7.42,,8.6,,,,,,
AB,230130,28_IB,28,IB,,,,0.745,0.0703,0.703,,0.787,,,,,,
AB,230130,29_I,29,I,,,,4.71,0.429,4.29,,5.13,,,,,,
AB,230130,29_W,29,W,,,,30.95,2.31,23.1,,38.8,,,,,,
AB,230130,30_1,30,1,,,,0.6865,0.0514,0.514,,0.859,,,,,,
AB,230130,30_W,30,W,,,,15.55,1.17,11.7,,19.4,,,,,,
